congressperson_name,congressperson_id,twitter_profile,secondary_twitter_profile,facebook_page
ABEL MESQUITA JR.,178957,depabelmesquita,,https://www.facebook.com/abel.mesquita.94
ABELARDO LUPION,73764,abelardolupion,,
ACELINO POPÓ,161907,popofreitas,,https://www.facebook.com/PopoFreitas
ADAIL CARNEIRO,178864,adail12321,,https://www.facebook.com/adailcarneiro11
ADALBERTO CAVALCANTI,178914,,,https://www.facebook.com/dep.adalberto.cavalcanti
ADELMO CARNEIRO LEÃO,178890,deputadoadelmo,,https://www.facebook.com/deputadoadelmo
ADELSON BARRETO,178968,adelson_barreto,,https://www.facebook.com/profile.php?id=100011229309710
ADEMIR CAMILO,133374,depademircamilo,,https://www.facebook.com/DeputadoAdemirCamilo
ADILTON SACHETTI,178903,adiltonsachetti,,https://www.facebook.com/AdiltonSachetti
ADRIAN,160577,DepAdrian,,https://www.facebook.com/DepFederalAdrian
ADÉRMIS MARINI,196359,AdermisMarini,,https://www.facebook.com/AdermisMarini
AELTON FREITAS,141372,aeltonfreitasmg,,https://www.facebook.com/AeltonFreitasMG
AFONSO FLORENCE,160508,AfonsoFlorence‏,,https://www.facebook.com/afonsoflorence13
AFONSO HAMM,136811,depafonsohamm,,https://www.facebook.com/depafonsohamm
AFONSO MOTTA,178835,afonso_motta,,https://www.facebook.com/AfonsoMottaOpina
AGUINALDO RIBEIRO,160527,aguinaldo1111,,https://www.facebook.com/Aguinaldo-Ribeiro-139579162731192
ALAN RICK,178836,Alan_Rick,,https://www.facebook.com/deputadoalanrick
ALBERTO FILHO,160582,DepAlbertofilho,,https://www.facebook.com/j.albertofilho
ALBERTO FRAGA,73579,alberto_fraga,,https://www.facebook.com/albertofraga.oficial
ALBERTO MOURÃO,74696,albertomourao,,https://www.facebook.com/mouraopg
ALCEU MOREIRA,160559,Alceu_Moreira,,https://www.facebook.com/depalceumoreira
ALDO REBELO,73428,aldorebelo,,https://www.facebook.com/aldorebelo
ALESSANDRO MOLON,160511,AlessandroMolon,,https://www.facebook.com/MolonRJ
ALEX CANZIANI,73458,CanzianiAlex,,https://www.facebook.com/canzianialex
ALEX MANENTE,178972,alexmanentepps,,https://www.facebook.com/alexmanentesbc
ALEXANDRE BALDY,178875,alexandrebaldy,,https://www.facebook.com/alexandrebaldyoficial
ALEXANDRE LEITE,160545,lexandreleite,,https://www.facebook.com/DeputadoFederalAlexandreLeite
ALEXANDRE SANTOS,74830,depAlexandreSRJ,,https://www.facebook.com/lexandresantos45
ALEXANDRE SERFIOTIS,178833,AleSerfiotis,,https://www.facebook.com/alexandreserfiotis
ALEXANDRE VALLE,178936,,,https://www.facebook.com/Valle.Alexandre
ALFREDO KAEFER,141454,AlfredoKaefer,,https://www.facebook.com/Dep.AlfredoKaefer
ALFREDO NASCIMENTO,178846,senadoralfredo,,https://www.facebook.com/AlfredoNascimentoOficial
ALFREDO SIRKIS,116663,Alfredosirkis,,https://www.facebook.com/alfredo.sirkis
ALICE PORTUGAL,74057,Alice_Portugal,,https://www.facebook.com/deputadaaliceportugal
ALIEL MACHADO,178927,alielmachado,,https://www.facebook.com/Alielmachadooficial
ALINE CORRÊA,141375,Dep_AlineCorrea,,https://www.facebook.com/pg/DeputadaAlineCorrea
ALTINEU CÔRTES,178937,,,https://www.facebook.com/altineu
ALUISIO MENDES,178881,,,https://www.facebook.com/AluisioMendesOficial
AMAURI TEIXEIRA,160603,deputadoamauri,,https://www.facebook.com/AmauriTeixeira13
ANA ARRAES,141377,anaarraes4040,,https://www.facebook.com/anaarraes4040
ANA PERUGINI,178973,anaperugini,,https://www.facebook.com/ana.perugini
ANDERSON FERREIRA,160551,federalanderson,,https://www.facebook.com/EuToComAnderson22
ANDRE MOURA,160543,AndreMourapsc_,,https://www.facebook.com/OficialAndreMoura
ANDRE VARGAS,141378,andrevargas13,,
ANDREIA ZITO,141379,andreia_zito,,https://www.facebook.com/andreiazito
ANDRES SANCHEZ,178974,torcidaandres,,https://www.facebook.com/torcidaandres
ANDRÉ ABDON,178831,dep_andreabdon‏,,https://www.facebook.com/depandreabdon
ANDRÉ AMARAL,195143,,,https://www.facebook.com/andreamaralpb
ANDRÉ DE PAULA,74471,,,https://www.facebook.com/andredepaulaoficial
ANDRÉ DIAS,161905,andredias4500,,https://www.facebook.com/Andr%C3%A9-Dias-Deputado-Federal-4500-161378187221311
ANDRÉ FIGUEIREDO,133439,andrepdt12,,https://www.facebook.com/DeputadoAndreFigueiredo
ANDRÉ FUFUCA,178882,,,https://www.facebook.com/andrefufuca
ANDRÉ ZACHAROW,74377,zacharow,,https://www.facebook.com/andre.zacharow.3
ANGELIM,178837,RaimundoAngelim,,https://www.facebook.com/angelim.acre
ANGELO VANHONI,141381,angelovanhoni,,https://www.facebook.com/vanhoni
ANTHONY GAROTINHO,160539,blogdogarotinho,,https://www.facebook.com/garotinhooficial
ANTONIO BALHMANN,74213,Dep_Balhmann,,https://www.facebook.com/balhmann
ANTONIO BRITO,160553,antoniobritoba,,https://www.facebook.com/britoantoniobahia
ANTONIO BULHÕES,141383,depbulhoes,,https://www.facebook.com/antonio.bulhoes.7
ANTONIO CARLOS MAGALHÃES NETO,74058,acm_neto,,https://www.facebook.com/ACMNetoOficial
ANTONIO CARLOS MENDES THAME,73584,mendesthame,,https://www.facebook.com/md.mendesthame
ANTONIO IMBASSAHY,160530,Dep_Imbassahy,,https://www.facebook.com/antonio.imbassahy
ANTÔNIA LÚCIA,123756,antonialuciapsc,antonialucia_,https://www.facebook.com/antonialuciapr
ANTÔNIO ANDRADE,141387,AntonioAndraDep,,https://www.facebook.com/antonioandrade.pmdb
ANTÔNIO JÁCOME,178950,,,https://www.facebook.com/jacomern
ANTÔNIO ROBERTO,141390,antonioroberto_,,https://www.facebook.com/dep.antonioroberto
ARIOSTO HOLANDA,74103,deputadoariosto,,https://www.facebook.com/deputadoariostoholanda
ARLINDO CHINAGLIA,73433,achinaglia,,https://www.facebook.com/depchinaglia
ARMANDO VERGÍLIO,160546,armandovergilio,,https://www.facebook.com/armandovergilio
ARNALDO FARIA DE SÁ,73434,Dep_Arnaldo1452,,https://www.facebook.com/deputadoarnaldofariadesa
ARNALDO JARDIM,141391,ArnaldoJardim,,https://www.facebook.com/deputadoarnaldojardim
ARNALDO JORDY,160602,arnaldojordy,,https://www.facebook.com/arnaldojordy
AROLDE DE OLIVEIRA,74833,AroldeOliveira,,https://www.facebook.com/aroldedeoliveira
ARTHUR LIRA,160541,DEPArthurLira,,https://www.facebook.com/arthurliradeputadofederal
ARTHUR OLIVEIRA MAIA,160600,departhurmaia,,https://www.facebook.com/arthur.oliveiramaia
ARTHUR VIRGÍLIO BISNETO,178847,Arthurbisneto,,https://www.facebook.com/arthurvirgiliobisneto
ARTUR BRUNO,160678,arturbruno,,https://www.facebook.com/artur.bruno.oficial
ASSIS CARVALHO,159237,assis_carvalho,,https://www.facebook.com/assiscarvalho.pt
ASSIS DO COUTO,74378,assisdocouto,,https://www.facebook.com/deputadoassisdocouto
ASSIS MELO,160581,AssisMelo_cxs,,https://www.facebook.com/AssisMeloOficial
AUGUSTO CARVALHO,73655,augustodeputado,,https://www.facebook.com/Dep.AugustoCarvalho
AUGUSTO COUTINHO,160665,,,https://www.facebook.com/augusto.coutinho
AUREO,160512,DeputadoAureo,,https://www.facebook.com/aureodeputado
BACELAR,69871,DeputadoBacelar,,https://www.facebook.com/bacelaroficial
BALEIA ROSSI,178975,baleia_rossi,,https://www.facebook.com/BaleiaRossi
BEBETO,178834,deputadobebeto,,https://www.facebook.com/bebetogalvao
BENEDITA DA SILVA,73701,,,https://www.facebook.com/blogdabenedita
BENITO GAMA,74535,benitogama,,https://www.facebook.com/BenitoGamaOficial
BENJAMIN MARANHÃO,74040,benjamimaranhao,,https://www.facebook.com/benjamin.maranhao
BERNARDO SANTANA DE VASCONCELLOS,109152,SantanaBernardo,,www.facebook.com/SecretarioBernardoSantana
BETINHO GOMES,178915,betinhogomes,,https://www.facebook.com/betinho45
BETO FARO,141335,,,https://www.facebook.com/beto.faro.5
BETO MANSUR,73437,betomansur10,,https://www.facebook.com/betomansur
BETO ROSADO,178948,betorosado,,https://www.facebook.com/betorosado1111
BETO SALAME,178906,,,https://www.facebook.com/betosalame
BIFFI,74373,DeputadoBiffi,,https://www.facebook.com/antoniocarlos.biffi
BILAC PINTO,141513,bilac_pinto,bilacpinto2010,https://www.facebook.com/bilac.pinto.5
BOHN GASS,160538,BOHNGASS,,https://www.facebook.com/bohngass13
BONIFÁCIO DE ANDRADA,74650,BAndrada,,https://www.facebook.com/Dep.BonifacioAndrada
BRIZOLA NETO,141399,brizola_neto,,https://www.facebook.com/brizolanetoprefeito
BRUNA FURLAN,160589,BrunaFurlan_,,https://www.facebook.com/BrunaFurlanDeputadaFederal
BRUNNY,178999,deputadabrunny,,https://www.facebook.com/deputadabrunny
BRUNO ARAÚJO,141394,BrunoAraujo4511,,https://www.facebook.com/BrunoAraujoPE
CABO DACIOLO,178938,,,https://www.facebook.com/depudadocabodaciolo
CABO SABINO,178865,cabo_sabino‏,,https://www.facebook.com/DepCaboSabino
CABUÇU BORGES,105112,depcabucu‏,,https://www.facebook.com/depcabucu
CACÁ LEÃO,93083,CacaLeao‏,,https://www.facebook.com/CacaLeaoOficial
CAETANO,178853,DepCaetano‏,,https://www.facebook.com/luiz.caetanoBA
CAIO NARCIO,178891,caionarcio,,https://www.facebook.com/caionarcio
CAJAR NARDES,194261,Cajarnardes,,https://www.facebook.com/CajarRNardes
CAMILO COLA,141395,camilocola1544,,
CAPITÃO AUGUSTO,178829,capitao_augusto,,https://www.facebook.com/capitaoaugustooficial
CARLAILE PEDROSA,160585,CARLAILEPSDB,,
CARLOS ANDRADE,178958,deputado_ca,,https://www.facebook.com/deputadocarlosandrade
CARLOS BEZERRA,141401,CarlosBezerraJr,,https://www.facebook.com/carlosbezerrajr1
CARLOS BRANDÃO,141402,Carlos_Brandao,,https://www.facebook.com/carlosbrandaoma
CARLOS EDUARDO CADOCA,74474,Cadoca,,https://www.facebook.com/cadocadeputado
CARLOS GOMES,178962,carlosgomesdep,,https://www.facebook.com/deputadocarlosgomes
CARLOS HENRIQUE GAGUIM,178993,carlos_gaguim,,https://www.facebook.com/carlos.gaguim
CARLOS MANATO,74163,,,https://www.facebook.com/deputado.manato
CARLOS MARUN,178900,deputadomarun,,https://www.facebook.com/carlos.marun
CARLOS MELLES,74651,CarlosMelles,,https://www.facebook.com/DeputadoCarlosMelles
CARLOS ROBERTO,165583,carlosroberto45,,https://www.facebook.com/deputadorobertocarlospdt
CARLOS SAMPAIO,74262,carlossampaio_,,https://www.facebook.com/DeputadoCarlosSampaio
CARLOS SOUZA,73934,CarlosSouza1111,,https://www.facebook.com/carlos.souza.9212
CARLOS ZARATTINI,141398,CarlosZarattini,,https://www.facebook.com/dep.zarattini
CARMEN ZANOTTO,164360,carmenzanotto,,https://www.facebook.com/DeputadaCarmenZanotto
CELSO JACOB,73568,,,https://www.facebook.com/deputadocelsojacob
CELSO MALDANER,141405,celsomaldaner,,https://www.facebook.com/celso.maldaner
CELSO PANSERA,72912,celsopansera,,https://www.facebook.com/celsopansera
CELSO RUSSOMANNO,73441,celsorussomanno,,https://www.facebook.com/celsorussomanno
CESAR COLNAGO,160664,cesarcolnago,,https://www.facebook.com/ColnagoCesar
CESAR SOUZA,73720,depcesarsouza,,https://www.facebook.com/deputadocesarsouza
CHICO ALENCAR,74171,depchicoalencar,,https://www.facebook.com/chicoalencar
CHICO D'ANGELO,141439,chico_dangelo,,https://www.facebook.com/chicodangelo
CHICO LOPES,141440,Chico_Lopes,,https://www.facebook.com/depchicolopes
CHRISTIANE DE SOUZA YARED,178928,christianeyared,,https://www.facebook.com/ChristianeYared
CIDA BORGHETTI,160580,cidaborghetti_,,https://www.facebook.com/cidaborghettioficial
CLAUDIO CAJADO,74537,claudio_cajado,,https://www.facebook.com/deputadocajado
CLEBER VERDE,141408,,,https://www.facebook.com/cleberverde.1010
CLÁUDIO PUTY,160557,claudioputy,,https://www.facebook.com/ClaudioPuty
CONCEIÇÃO SAMPAIO,178848,dep_CSampaio‏,,https://www.facebook.com/deputadaconceicaosampaio
COSTA FERREIRA,74016,costaf2010,,https://www.facebook.com/costa.ferreira.50
COVATTI FILHO,178963,CovattiFilho,,https://www.facebook.com/covatti.filho
CREUZA PEREIRA,194258,creuzafederal,,https://www.facebook.com/creuzafederal
CRISTIANE BRASIL,93472,Dep_CrisBrasil,,https://www.facebook.com/cristiane.brasil
CRISTIANO,114586,dep_cristiano,,https://www.facebook.com/depcristianoaraujo
CÂNDIDO VACCAREZZA,141396,vaccarezza,,https://www.facebook.com/candidovaccarezza
CÉLIO SILVEIRA,178876,,,https://www.facebook.com/CelioSilveiraOficial
CÉSAR HALUM,160576,cesarhalum,,https://www.facebook.com/cesarhalum
CÉSAR MESSIAS,178838,CesarMessias_Ac,,https://www.facebook.com/cesarmessiaspsb
CÍCERO ALMEIDA,178841,Cicero2800,,https://www.facebook.com/cicero15prefeito
DAGOBERTO NOGUEIRA,141411,dagobertopdt,,https://www.facebook.com/dagobertopdt
DALVA FIGUEIREDO,141502,DalvaFigueiredo,,https://www.facebook.com/DeputadaDalvaFigueiredo
DAMIÃO FELICIANO,74467,drdamiao,,https://www.facebook.com/drdamiao
DANIEL ALMEIDA,74060,Daniel_PCdoB‏,,https://www.facebook.com/depdanielalmeida
DANIEL COELHO,178916,,,https://www.facebook.com/DanielCoelho45
DANIEL VILELA,144523,,,https://www.facebook.com/danielvilelaoficial
DANILO CABRAL,160528,,,https://www.facebook.com/danilocabral4010
DANILO FORTE,62881,DepDaniloForte,,https://www.facebook.com/DepDaniloForte
DANRLEI DE DEUS HINTERHOLZ,160552,DanrleiFederal,,https://www.facebook.com/Danrlei-Hinterholz-351569478324459
DARCÍSIO PERONDI,73891,darcisioperondi,,https://www.facebook.com/DarcisioPerondi
DAVI ALVES SILVA JÚNIOR,141412,depdavialves,,https://www.facebook.com/davialvessilvajunior
DAVIDSON MAGALHÃES,101309,Davidson65,,https://www.facebook.com/davidson65
DEJORGE PATRÍCIO,196357,,,https://www.facebook.com/dejorgepatricio
DELEGADO EDSON MOREIRA,178893,DelegadoMoreira,,https://www.facebook.com/DelegadoEdsonMoreiraPolitico
DELEGADO FRANCISCHINI,160646,Francischini_,,https://www.facebook.com/FernandoFrancischiniBR
DELEGADO PROTÓGENES,160606,protogenes,,https://www.facebook.com/protogenesq
DELEGADO WALDIR,164359,,,https://www.facebook.com/delegado.waldir
DELEGADO ÉDER MAURO,178908,,,https://www.facebook.com/edermauroficial
DELEY,74172,depdeley,,https://www.facebook.com/deputadodeley
DEVANIR RIBEIRO,74264,devanirribeiro,,https://www.facebook.com/DeputadoDevanirRibeiro
DIEGO ANDRADE,160588,,,https://www.facebook.com/diegoandrademg
DIEGO GARCIA,178929,diegogarciapr,,https://www.facebook.com/DiegoGarciaDeputado
DILCEU SPERAFICO,73768,DepSperafico,,https://www.facebook.com/joao.toledo.355
DIMAS FABIANO,160599,depdimasfabiano,,https://www.facebook.com/depdimasfabiano.toledo
DIMAS RAMALHO,74265,dimasramalho,,https://www.facebook.com/depdimasramalho
DOMINGOS NETO,143632,Domingos_Neto,,https://www.facebook.com/DomingosNetoCeara
DOMINGOS SÁVIO,160758,DomingosSavioMG,,https://www.facebook.com/domingossaviomg
DR. ADILSON SOARES,141371,draluizio_news,,
DR. ALUIZIO,160529,draluiziojunior,,https://www.facebook.com/draluizioprefeito
DR. JORGE SILVA,160643,DrJorge1211,,https://www.facebook.com/DrJorgeSilva
DR. ROSINHA,73459,drrosinha,,https://www.facebook.com/DoutorRosinha13
DR. SINVAL MALHEIROS,178830,sinvalmalheiros,,https://www.facebook.com/drsinvalmalheiros
DR. UBIALI,141498,drubiali,,https://www.facebook.com/DrUbiali
DUARTE NOGUEIRA,141385,duarte_nogueira,,https://www.facebook.com/pg/nogueiraduarte
DUDIMAR PAXIUBA,161904,DudimarPaxiuba,,https://www.facebook.com/depdudimarpaxiuba.azevedo
DULCE MIRANDA,178994,dulcemiranda_to,,https://www.facebook.com/dulcepaganimiranda
DÂMINA PEREIRA,178892,,,https://www.facebook.com/deputadafederaldaminapereira
DÉCIO LIMA,141413,deciolimapt,,https://www.facebook.com/deciolimapt
EDINHO BEZ,73793,dep_edinhobez,,https://www.facebook.com/edinho.bez.7
EDIO LOPES,141417,ediolopes,,https://www.facebook.com/deputadoediolopes
EDMAR ARRUDA,160578,EdmarArruda,,https://www.facebook.com/EdmarArrudaPR
EDMILSON RODRIGUES,134812,,,https://www.facebook.com/edmilsonpsol
EDSON EZEQUIEL,74838,depezequiel,,https://www.facebook.com/deputadoezequiel
EDSON PIMENTA,160618,EdsonPimenta,,https://www.facebook.com/EdsonPimentaBahia
EDSON SANTOS,141419,depedsonsantos,,https://www.facebook.com/deputadoedsonsantos
EDSON SILVA,74106,depedsonsilva,,
EDUARDO BARBOSA,74655,eduardobarbosa_,,https://www.facebook.com/deputadofederaleduardobarbosa
EDUARDO BOLSONARO,92346,bolsonarosp,,https://www.facebook.com/bolsonaro.enb
EDUARDO CUNHA,74173,DepEduardoCunha,,https://www.facebook.com/DeputadoEduardoCunha
EDUARDO CURY,178977,eduardo_cury,,https://www.facebook.com/EduardoCuryOficial
EDUARDO DA FONTE,141421,eduardodafonte,,https://www.facebook.com/dududafonte
EDUARDO GOMES,73945,eduardogomesto,,https://www.facebook.com/pauloeduardogomes.psol
EDUARDO SCIARRA,74382,Eduardo_Sciarra,,https://www.facebook.com/Eduardo-Sciarra-142587495848039
EFRAIM FILHO,141422,efraimfilho,,https://www.facebook.com/efraimfilho
ELCIONE BARBALHO,74075,elcionepmdb,,https://www.facebook.com/Dep.ElcioneBarbalho
ELEUSES PAIVA,154919,eleusespaiva,,https://www.facebook.com/eleuses.paiva
ELI CORRÊA FILHO,160532,,,https://www.facebook.com/EliCorreaFilho
ELISEU PADILHA,73892,eliseupadilha,,https://www.facebook.com/EliseuPadilha15
ELIZEU DIONIZIO,181316,elizeudionizio,,https://www.facebook.com/ElizeuDionizioMS
ELIZIANE GAMA,178883,,,https://www.facebook.com/elizianegama
ELMAR NASCIMENTO,178854,ElmarNascimento,,https://www.facebook.com/elmarnascimento
EMILIANO JOSÉ,154997,emiliano_jose,,https://www.facebook.com/emiliano.jose.73
ENIO BACCI,73893,EnioBacci,,https://www.facebook.com/eniobacci12777
ENIO VERRI,132504,enioverri,,https://www.facebook.com/enioverri
ERIKA KOKAY,160575,erikakokay,,https://www.facebook.com/ErikaKokay
ERIVELTON SANTANA,99654,dep_erivelton,,https://www.facebook.com/erivelton.santana.560
EROS BIONDINI,160640,erosbiondini,,https://www.facebook.com/erosbiondini
ESPERIDIÃO AMIN,160649,EsperidiaoAmin_,,https://www.facebook.com/esperidiaoamin
EUDES XAVIER,141386,EudesXavierPT,,https://www.facebook.com/EudesXavierPT
EVAIR VIEIRA DE MELO,178871,,,https://www.facebook.com/evair.vieirademelo
EVANDRO GUSSI,178828,evandrogussi,,https://www.facebook.com/evandro.gussi
EVANDRO MILHOMEN,74345,DepMilhomen,,https://www.facebook.com/DeputadoMilhomen
EVANDRO ROMAN,178930,roman_evandro,,https://www.facebook.com/evandrorogerio.roman
EXPEDITO NETTO,178953,netto_expedito,,https://www.facebook.com/expedito.netto.1
EZEQUIEL FONSECA,178904,,,https://www.facebook.com/EzequielFonsecaMT
EZEQUIEL TEIXEIRA,178941,,,https://www.facebook.com/deputadoezequielteixeira
FABIO GARCIA,178905,,,https://www.facebook.com/oficialfabiogarcia
FABIO REIS,171623,fabioreis1515,,https://www.facebook.com/fabioreis1515
FAUSTO PINATO,66828,faustopinato,,https://www.facebook.com/faustopinato
FELIPE BORNIER,141430,felipebornierrj,,https://www.facebook.com/FelipeBornier
FELIPE MAIA,141429,depfelipemaia,,https://www.facebook.com/felipemaiarn
FERNANDO COELHO FILHO,141431,FBCFilho,,https://www.facebook.com/fernandofilhope
FERNANDO FERRO,74417,FerroPT,,https://www.facebook.com/deputadofernandoferro
FERNANDO JORDÃO,163831,fernandojordao,,https://www.facebook.com/fernando.jordao
FERNANDO MARRONI,73481,fernandomarroni,,https://www.facebook.com/fernandomarroni13
FERNANDO MONTEIRO,92699,,,https://www.facebook.com/fernandomonteirope
FILIPE PEREIRA,141433,filipepereira20,,https://www.facebook.com/DeputadoFilipePereiraOficial
FLAVIANO MELO,141434,flaviano_melo,,https://www.facebook.com/flavianomelo15
FLAVINHO,178978,flavinhocn,,https://www.facebook.com/pg/Flavinhocn
FLÁVIA MORAIS,160598,depflaviamorais,,https://www.facebook.com/flavia.morais.714049
FRANCISCO CHAPADINHA,178907,chapadinha55,,https://www.facebook.com/franciscochapadinha1
FRANCISCO ESCÓRCIO,137983,ChiquinEscorcio,,https://www.facebook.com/chiquinhoescorcio1
FRANCISCO FLORIANO,160677,dep_francisco,,https://www.facebook.com/DepFranciscoFloriano
FRANKLIN LIMA,186775,dep_franklin,,https://www.facebook.com/prfranklin
FÁBIO FARIA,141428,fabiofaria33,,https://www.facebook.com/fabiofaria5555
FÁBIO MITIDIERI,178969,depfmitidieri,,https://www.facebook.com/depfmitidieri
FÁBIO RAMALHO,141427,_FabinhoRamalho,,https://www.facebook.com/deputadofabioramalho4311
FÁBIO SOUSA,178877,,,https://www.facebook.com/FabioSousaOficial
FÁBIO SOUTO,74062,Fabio_Souto,,https://www.facebook.com/FabioSoutoOficial
FÉLIX MENDONÇA JÚNIOR,160666,felixMendoncaJr,,https://www.facebook.com/felixjunior1234
GABRIEL CHALITA,160537,gabriel_chalita,,https://www.facebook.com/facechalita
GABRIEL GUIMARÃES,129037,,,https://www.facebook.com/mandatogabrielguimaraes
GEAN LOUREIRO,165429,geanloureiro,,https://www.facebook.com/geanloureiro
GENECIAS NORONHA,160669,depgenecias,,https://www.facebook.com/Deputado-Federal-Genecias-Noronha-213910975288105
GEORGE HILTON,141441,georgehilton40,,https://www.facebook.com/GeorgeHilton.MG
GEOVANIA DE SÁ,178966,geovaniadesa,,https://www.facebook.com/geovaniasarodrigues
GERALDO RESENDE,74374,dep_geraldo,,https://www.facebook.com/GeraldoResendeMS
GERALDO SIMÕES,74566,geraldo1330,,https://www.facebook.com/geraldosimoespt
GERALDO THADEU,74151,GeraldoThadeu23,,https://www.facebook.com/geraldothadeu
GIACOBO,74383,fernandogiacobo,,https://www.facebook.com/fernandogiacobo
GILBERTO NASCIMENTO,74270,gilbertopsc20,,https://www.facebook.com/gilbertonascimento.psc20
GILMAR MACHADO,74581,DeputadoGilmar,,https://www.facebook.com/PrefeitoGilmarMachado
GIOVANI CHERINI,160673,giovanicherini,,https://www.facebook.com/deputadogiovanicherini
GIOVANNI QUEIROZ,74077,deputgiovanni,,https://www.facebook.com/DeputadoGiovanniQueiroz
GIROTO,160562,girotofederal,,https://www.facebook.com/girotoedson
GIUSEPPE VECCI,178878,,,https://www.facebook.com/profile.php?id=100012342495041
GIVALDO CARIMBÃO,74558,givaldocarimbao,,https://www.facebook.com/carimbao
GIVALDO VIEIRA,178872,,,https://www.facebook.com/GivaldoVieiraES
GLAUBER BRAGA,152605,Glauber_Braga,,https://www.facebook.com/glauber.braga1
GONZAGA PATRIOTA,74419,,,https://www.facebook.com/DepGonzagaPatriota
GORETE PEREIRA,129618,d_goretepereira,,https://www.facebook.com/deputadagoretepereira
GOULART,178980,oficial_goulart,,https://www.facebook.com/goulartoficial
GUILHERME CAMPOS,141447,depguilherme,,https://www.facebook.com/deputadoguilhermecampos
GUILHERME COELHO,194259,,,https://www.facebook.com/guilhermecoelhope
GUILHERME MUSSI,160667,guilhermemussi,,https://www.facebook.com/deputadoguilhermemussi
HEITOR SCHUCH,178964,HeitorSchuch,,https://www.facebook.com/heitorschuchoficial
HELDER SALOMÃO,178873,,,https://www.facebook.com/helder.salomao.313
HELENO SILVA,74053,PrHeleno,,https://www.facebook.com/HelenoSilva2018
HENRIQUE AFONSO,73940,henrique_afonso,,https://www.facebook.com/Deputado-Federal-Henrique-Afonso-496929907011085
HENRIQUE EDUARDO ALVES,74324,HenriqueEAlves,,https://www.facebook.com/deputadohenriquefontana
HENRIQUE FONTANA,73482,henriquefontana,,https://www.facebook.com/deputadohenriquefontana
HERCULANO PASSOS,178981,herculanopassos,,https://www.facebook.com/HerculanoPassos
HERÁCLITO FORTES,97707,,,https://www.facebook.com/hfortespi
HEULER CRUVINEL,160596,heulercruvinel,,https://www.facebook.com/heulercruvineloficial
HILDO ROCHA,178884,,,https://www.facebook.com/hildorocha1
HIRAN GONÇALVES,178959,deputadohiran,,https://www.facebook.com/DeputadoHiran
HISSA ABRAHÃO,178849,Hissa_Abrahao‏,,https://www.facebook.com/hissa.abrahao
HUGO LEAL,141450,dephugoleal,,https://www.facebook.com/hugo.leal.758
HUGO MOTTA,160674,hugomottapb,,https://www.facebook.com/hugomottapb
HUGO NAPOLEÃO,160974,dephugonapoleao,,https://www.facebook.com/hugonapoleaopiaui
HÉLIO LEITE,178909,,,https://www.facebook.com/HelioLeite2525
HÉLIO SANTOS,160590,heliosantos4545,,
INOCÊNCIO OLIVEIRA,74421,Dep_Inocencio,,https://www.facebook.com/Deputado-Inocêncio-Oliveira-168998663293195
IRACEMA PORTELLA,67138,iracemaportela,,https://www.facebook.com/iracemaportella
IRAJÁ ABREU,81232,irajaabreu,,https://www.facebook.com/irajaabreu
IRMÃO LAZARO,178855,irmaolazaro,,https://www.facebook.com/deputadofederalirmaolazaro
IVAN VALENTE,73531,ivanvalente,,https://www.facebook.com/IvanValentePSOL
IZALCI LUCAS,4931,IzalciLucas,,https://www.facebook.com/izalci
IZAQUE SILVA,196378,,,https://www.facebook.com/izaquesilvaoficial
JAIME MARTINS,74665,JaiminhoMartins,jaiminhonarede,https://www.facebook.com/jaiminho.martins
JAIR BOLSONARO,74847,jairbolsonaro,,https://www.facebook.com/jairmessias.bolsonaro
JANDIRA FEGHALI,74848,jandira_feghali,,https://www.facebook.com/sigajandira2
JANETE CAPIBERIBE,73926,Janete4040,,https://www.facebook.com/JaneteCapiberibeOficial
JAQUELINE RORIZ,97822,roriz_jaqueline,,https://www.facebook.com/deputadajaquelineroriz
JARBAS VASCONCELOS,131943,,,https://www.facebook.com/JarbasVasconcelos
JEAN WYLLYS,160672,jeanwyllys_real,,https://www.facebook.com/jean.wyllys
JEFFERSON CAMPOS,74273,DepJefferson,,https://www.facebook.com/PrJeffersonCampos
JERÔNIMO GOERGEN,160570,jeronimogoergen,,https://www.facebook.com/depjeronimogoergen
JESUS RODRIGUES,160671,Jesus_Rodrigues,,https://www.facebook.com/deputado.jesusrodrigues
JHC,178842,JHC_40,,https://www.facebook.com/jhc
JHONATAN DE JESUS,160531,jhonatan_djesus,,https://www.facebook.com/DepJhonatanJesus
JILMAR TATTO,141456,jilmartatto,,https://www.facebook.com/jilmar.tatto
JOAQUIM PASSARINHO,178910,joaquimpassarin,,https://www.facebook.com/joaquimpassarinhooficial
JONAS DONIZETTE,160548,Jonas_donizette,,https://www.facebook.com/jonasdonizette
JONES MARTINS,194262,,,https://www.facebook.com/DepJonesMartins
JONY MARCOS,178971,Dep_jonymarcos,,https://www.facebook.com/jony.marcos.1
JORGE BOEIRA,74388,deputadoboeira,,https://www.facebook.com/deputadojorgeboeira
JORGE CÔRTE REAL,160572,jorgecortereal,,https://www.facebook.com/jorgecorterealpe
JORGE PINHEIRO,73569,jorgepinheiro10,,https://www.facebook.com/bpjorgeoficial
JORGE SOLLA,178857,depjorgesolla,,https://www.facebook.com/depjorgesolla
JORGE TADEU MUDALEN,73535,depjorgetadeu,,https://www.facebook.com/DeputadoJorgeTadeu
JORGINHO MELLO,160509,jorginhomello,,https://www.facebook.com/jorginho.mello.35
JOSE STÉDILE,160607,josestedile,,https://www.facebook.com/jose.stedile4080
JOSI NUNES,114941,josinunesto,,https://www.facebook.com/josinunesto
JOSIAS GOMES,74141,josiasgomesba,,https://www.facebook.com/josiasgomes1312
JOSUÉ BENGTSON,74351,josuebengtson,,https://www.facebook.com/JosueBengtson
JOSÉ AIRTON CIRILO,141464,JoseAirtonPT,,https://www.facebook.com/Joseairtoncirilo
JOSÉ AUGUSTO MAIA,160661,joseaugustomaia,,https://www.facebook.com/joseaugusto.maia.94
JOSÉ CARLOS ALELUIA,74553,aleluiacosta,,https://www.facebook.com/josecarlosaleluia
JOSÉ CARLOS ARAÚJO,74140,depjosecarlos,,https://www.facebook.com/deputadojosecarlosaraujo
JOSÉ CHAVES,74423,dep_josechaves,,
JOSÉ DE FILIPPI,160560,josedefilippi,,https://www.facebook.com/filippijr
JOSÉ FOGAÇA,131966,JFogaca1,,https://www.facebook.com/josefogacapoa
JOSÉ GUIMARÃES,141470,guimaraes13PT,,https://www.facebook.com/DeputadoJoseGuimaraes
JOSÉ HUMBERTO,160396,DepJoseHumberto,,https://www.facebook.com/deputadofederaljosehumberto
JOSÉ LINHARES,74297,padreze,,https://www.facebook.com/jose.linhares.71
JOSÉ MENTOR,74275,jose_mentor,,https://www.facebook.com/DeputadoJoseMentor
JOSÉ NUNES,160619,JoseNunesDep,,https://www.facebook.com/deputadojosenunes
JOSÉ OTÁVIO GERMANO,74395,jotaviogermano,,https://www.facebook.com/Jos%C3%A9-Ot%C3%A1vio-Germano-1427594324119758
JOSÉ PRIANTE,74079,priante,,https://www.facebook.com/AgoraePriante
JOSÉ REINALDO,73714,,,https://www.facebook.com/zereinaldot
JOSÉ ROCHA,74554,joserocha_,,https://www.facebook.com/dep.joserocha
JOVAIR ARANTES,73666,,,https://www.facebook.com/jovairarantes1414
JOZI ARAÚJO,178851,Deputada_Jozi‏,,https://www.facebook.com/joziaraujo.ap
JOÃO ANANIAS,160574,depjoaoananias,,https://www.facebook.com/Deputado-Federal-Jo%C3%A3o-Ananias-577591372290851
JOÃO ARRUDA,160573,joao_arruda,,https://www.facebook.com/JoaoArruda15
JOÃO BITTAR,141457,depjoaobittar,,https://www.facebook.com/bittarjoao
JOÃO CAMPOS,74366,depjoaocampos,,https://www.facebook.com/deputadojoaocampos
JOÃO CARLOS BACELAR,141458,deputadobacelar,,https://www.facebook.com/joaobacelar2288
JOÃO DADO,73682,joaodado,,https://www.facebook.com/JoaoDado
JOÃO DANIEL,178970,joaodanielPT,depjoaodanielpt,https://www.facebook.com/deputadojoaodaniel
JOÃO DERLY,178965,joaoderly,,https://www.facebook.com/JoaoDerlyOficial
JOÃO FERNANDO COUTINHO,178917,,,https://www.facebook.com/joaofernandocoutinho
JOÃO GUALBERTO,178856,,,https://www.facebook.com/JoaoGualbertoOficial
JOÃO LYRA,74049,Joao_Lyra,,https://www.facebook.com/joaolyra.al
JOÃO MAIA,141459,depjoaomaia,,https://www.facebook.com/joao.maia.581
JOÃO MARCELO SOUZA,112437,,,https://www.facebook.com/deputadojoaomarcelo
JOÃO PAULO KLEINÜBING,178967,jpkleinubing,,https://www.facebook.com/jpkleinubing
JOÃO PAULO LIMA,160549,joaopaulo_pt,,https://www.facebook.com/joaopaulopt13
JOÃO PAULO PAPA,178988,Joaoppapa,,https://www.facebook.com/joaopaulopapaoficial
JOÃO PIZZOLATTI,73874,pizzolatti,,
JOÃO RODRIGUES,160571,joaorodriguessc,,https://www.facebook.com/JoaoRodriguesdeputado
JULIO LOPES,74253,,,https://www.facebook.com/juliolopesfanpagerj
JULIÃO AMIN,141474,,,https://www.facebook.com/juliaoamin
JUNIOR MARRECA,178885,juniormarreca,,https://www.facebook.com/juniormarrecaoficial
JUNJI ABE,160544,junjiabe,,https://www.facebook.com/junjiabebr
JUSCELINO FILHO,178886,,,https://www.facebook.com/DepJuscelinoFilho
JUTAHY JUNIOR,74570,,,https://www.facebook.com/deputadojutahy
JÂNIO NATAL,160675,janionatal,,https://www.facebook.com/janionatal
JÉSSICA SALES,178839,,,https://www.facebook.com/pg/dep.jessicasales
JÔ MORAES,141503,jomoraes,,https://www.facebook.com/deputadajomoraes
JÚLIA MARINHO,67312,,,https://www.facebook.com/dep.juliamarinho
JÚLIO CAMPOS,160519,DepJulioCampos,,https://www.facebook.com/DeputadoJulioCampos
JÚLIO CESAR,74317,DepJulioCesarPI,,https://www.facebook.com/depfederaljuliocesar
JÚLIO DELGADO,73586,depjuliodelgado,,https://www.facebook.com/DeputadoJulioDelgado
KAIO MANIÇOBA,178918,,,https://www.facebook.com/deputadokaiomanicoba
KEIKO OTA,160659,keikoota_,,https://www.facebook.com/keikootadeputada
LAERCIO OLIVEIRA,151208,laerciofederal,,https://www.facebook.com/deputadolaerciooliveira
LAERTE BESSA,141478,laerte_bessa,,https://www.facebook.com/laertebessaoficial
LAUDIVIO CARVALHO,178894,laudivioc,laudivio,https://www.facebook.com/Laudiviocarvalho
LAURA CARNEIRO,74856,,,https://www.facebook.com/lauracarneirorio
LAUREZ MOREIRA,141479,laurezmoreira,,https://www.facebook.com/laurezmoreira
LAURIETE,160534,2010lauriete,,https://www.facebook.com/DeputadaFederalLauriete
LEANDRE,178832,Leandre4300,,https://www.facebook.com/LeandreOficial
LEANDRO VILELA,74367,leandrovilela15,,
LELO COIMBRA,141562,,,https://www.facebook.com/falecomlelo
LEO DE BRITO,178825,LeoDoPT,,https://www.facebook.com/leodopt1331
LEONARDO MONTEIRO,74156,depleomonteiro,,https://www.facebook.com/depleomonteiro
LEONARDO QUINTÃO,141482,leonardoquintao,,https://www.facebook.com/deputadoleonardoquintao
LEOPOLDO MEYER,160663,leopoldo_meyer,,https://www.facebook.com/MeyerFanPage
LEÔNIDAS CRISTINO,74299,leonidas9099,joseleonidas,https://www.facebook.com/Le%C3%B4nidas-Cristino-1271496449602306
LINCOLN PORTELA,74585,lincoln_portela,,https://www.facebook.com/deputadolincolnportela
LINDOMAR GARÇON,141483,depgarcon,,https://www.facebook.com/LindomarGarcon10
LOBBE NETO,74277,lobbeneto,,https://www.facebook.com/lobbenetopsdb
LUANA COSTA,81366,,,https://www.facebook.com/depLuanaCosta
LUCAS VERGILIO,178879,,,https://www.facebook.com/lucasvergilio7777
LUCI CHOINACKI,73474,lucichoinacki13,,https://www.facebook.com/lucichoinacki
LUCIANA SANTOS,160628,deputadaluciana,,https://www.facebook.com/deputadalucianaoficial
LUCIANO DUCCI,178931,LucianoDucci,,https://www.facebook.com/LucianoDucci
LUCIO MOSQUINI,178954,,,https://www.facebook.com/profile.php?id=100011438522684
LUCIO VIEIRA LIMA,94931,luciovl_,,https://www.facebook.com/lucio.vieiralima.1
LUIS CARLOS HEINZE,73483,deputadoheinze,,https://www.facebook.com/deputadoheinze
LUIS TIBÉ,160510,LuisTibeOficial,,https://www.facebook.com/luistibe
LUIZ ALBERTO,74133,depluizalberto,,https://www.facebook.com/deputadoluizalberto
LUIZ CARLOS,160645,depluizcarlos,,https://www.facebook.com/deputadoheinze
LUIZ CARLOS HAULY,73778,deputadoHauly,,https://www.facebook.com/luizcarlos.hauly.7
LUIZ CARLOS RAMOS,178802,,,https://www.facebook.com/luizcarlosramosfilhoamoraosanimais
LUIZ CLÁUDIO,178955,,,https://www.facebook.com/luizclaudiodaagricultura
LUIZ COUTO,74041,luizcoutopt,,https://www.facebook.com/luizcoutopt
LUIZ FERNANDO FARIA,141487,depluizfernando,,https://www.facebook.com/deputadoluizfernando
LUIZ LAURO FILHO,178982,luizlaurofilho,,https://www.facebook.com/dep.luizlaurofilho
LUIZ NISHIMORI,162332,luiznishimori,,https://www.facebook.com/nishimoriluiz
LUIZ NOÉ,161962,luiznoe,,https://www.facebook.com/luiznoe
LUIZ PITIMAN,160550,luizpitiman,,https://www.facebook.com/LuizPitimanOficial
LUIZ SÉRGIO,74688,,,https://www.facebook.com/luizsergio.pt
LUIZA ERUNDINA,74784,luizaerundina,,https://www.facebook.com/luizaerundina4021
LUIZIANNE LINS,178866,Luizianne13PT,,https://www.facebook.com/deputadaluiziannelins
LÁZARO BOTELHO,141480,LazaroBotelho,,https://www.facebook.com/dep.lazaro
LÚCIO VALE,141484,luciovalepa ,,https://www.facebook.com/LucioVale2222
MACEDO,178867,,,https://www.facebook.com/profile.php?id=100009238007113&fref=mentions
MAGDA MOFATTO,166402,Magdamofatto,,https://www.facebook.com/MagdaMofatto.Goias
MAIA FILHO,151965,josemaiafilho,,https://www.facebook.com/maiafilho11
MAJOR OLIMPIO,178826,majorolimpio,,https://www.facebook.com/olimpio.major
MANDETTA,160633,depmandetta,,https://www.facebook.com/henriquemandetta
MANOEL SALVIANO,74456,depsalviano,,https://www.facebook.com/depfedmanoelsalviano.sobrinho
MARA GABRILLI,160565,maragabrilli,,https://www.facebook.com/maragabrilli
MARCELO AGUIAR,160660,MarceloAguiarMA,MarceloAguiarNW,https://www.facebook.com/MarceloAguiarOficial
MARCELO ARO,146788,marceloaro,,https://www.facebook.com/marceloaro
MARCELO CASTRO,74460,MarceloCastroPI,,https://www.facebook.com/MarceloCastro15
MARCELO DELAROLI,195826,,,https://www.facebook.com/MarceloDelaroliOficial
MARCELO MATOS,76287,,,https://www.facebook.com/deputadomarcelomatos
MARCELO SQUASSONI,118594,,,https://www.facebook.com/marcelo.squassoni
MARCELO ÁLVARO ANTÔNIO,179000,Marceloalvaroan,,https://www.facebook.com/marceloalvaroantonio
MARCIO ALVINO,178983,AlvinoMarcio,,https://www.facebook.com/marcioalvino
MARCO ANTÔNIO CABRAL,178942,,,https://www.facebook.com/marcoantonio.nevescabral
MARCO MAIA,133373,DepMarcoMaia,,https://www.facebook.com/depmarcomaia
MARCO TEBALDI,160536,mtebaldi,,https://www.facebook.com/matebaldi
MARCON,160535,depmarcon,,https://www.facebook.com/Marcon-Deputado-730105823714253
MARCOS ABRÃO,178880,,,https://www.facebook.com/MarcosAbrao
MARCOS MONTES,141500,DepMarcosMontes,,https://www.facebook.com/deputadomarcosmontes
MARCOS REATEGUI,178852,marcos_reategui‏,,https://www.facebook.com/DepMarcosReategui
MARCOS ROGÉRIO,167722,MarcosRogerio,,https://www.facebook.com/profile.php?id=100008179053573
MARCOS SOARES,178943,,,https://www.facebook.com/DeputadoMarcosSoares
MARCUS PESTANA,159238,marcus_pestana,,https://www.facebook.com/depmarcuspestana
MARCUS VICENTE,74235,,,https://www.facebook.com/dep.marcusvicente
MARGARIDA SALOMÃO,171619,JFMargarida,,https://www.facebook.com/jfmargarida
MARIA DO ROSÁRIO,74398,mariadorosario,,https://www.facebook.com/DeputadaMariaDoRosario
MARIA HELENA,64960,depmariahelena,,https://www.facebook.com/deputadamariahelena
MARIANA CARVALHO,178956,MarianaPSDB,,https://www.facebook.com/marianacarvalho45
MARINA SANTANNA,164361,marinasantanna,deputadamarina,https://www.facebook.com/marinasantanna.face
MARINALDO ROSENDO,178919,MarinaldoRosend,,https://www.facebook.com/marinaldo.rosendo
MARINHA RAUPP,74177,DepMarinhaRaupp,,https://www.facebook.com/MarinhaRaupp
MARLLOS SAMPAIO,121759,marllossampaio,,https://www.facebook.com/marllossampaio
MARÇAL FILHO,74124,Marcal_Oficial,,https://www.facebook.com/marcalfilhoms
MAURO BENEVIDES,73588,maurobenevide,,https://www.facebook.com/maurobenevides03
MAURO LOPES,74749,depmaurolopes,,https://www.facebook.com/familiamaurolopes
MAURO MARIANI,141507,Mauro_Mariani,,https://www.facebook.com/deputadomauromariani
MAURO NAZIF,141508,drmauronazif,,https://www.facebook.com/maurorasul
MAURO PEREIRA,124411,,,https://www.facebook.com/pg/mauropereirapmdb
MAURÍCIO QUINTELLA LESSA,74050,Depquintella,,https://www.facebook.com/mauricioquintella.lessa
MAURÍCIO TRINDADE,141506,depmt,,https://www.facebook.com/mauricio.trindadesecretario
MENDES RIBEIRO FILHO,73904,mendes_ribeiro,,https://www.facebook.com/mendesribeirofilho
MENDONÇA FILHO,74428,mendonca_filho,,https://www.facebook.com/mendoncafilhoPE
MENDONÇA PRADO,74056,mendoncaprado,,https://www.facebook.com/MendoncaPrado
MIGUEL HADDAD,178984,miguelmhaddad,,https://www.facebook.com/miguelmhaddad
MIGUEL LOMBARDI,178985,DMiguellombardi,,https://www.facebook.com/miguellombardi.deputadofederal
MILTON MONTI,74787,miltonmonti,,https://www.facebook.com/depmiltonmonti
MIRIQUINHO BATISTA,160644,miriquinho,,https://www.facebook.com/miriquinho
MIRO TEIXEIRA,74862,,,https://www.facebook.com/miroteixeira9000
MISAEL VARELLA,178895,,,https://www.facebook.com/deputadomisaelvarella
MISSIONÁRIO JOSÉ OLIMPIO,160561,,,https://www.facebook.com/deputadojoseolimpio
MOISÉS DINIZ,195278,moisesdiniz10,,https://www.facebook.com/people/Moisés-Diniz-Lima/100009338080803
MOSES RODRIGUES,178997,depfederalmoses,,https://www.facebook.com/MosesRodriguess
MÁRCIO MACÊDO,160542,marciomacedopt,,https://www.facebook.com/marciomacedopt
MÁRCIO MARINHO,150418,dpmarciomarinho,,https://www.facebook.com/marciomarinhopolitico
MÁRIO HERINGER,74158,mario_heringer,,https://www.facebook.com/mario.heringer
MÁRIO NEGROMONTE JR.,178858,depnegromontejr,,https://www.facebook.com/mario.negromontejunior
NATAN DONADON,133372,natandonadon,,https://www.facebook.com/pages/Natan-Donadon/607464139302519
NEILTON MULIM,141510,depneiltonmulim ,,https://www.facebook.com/neilton.mulim.7
NELSON MARCHEZAN JUNIOR,160567,marchezan_,,https://www.facebook.com/nelsonmarchezan
NELSON MARQUEZELLI,73553,MarquezelliNews,,https://www.facebook.com/nelsonmarquezelli1434
NELSON PADOVANI,160566,nelson_padovani,,https://www.facebook.com/deputadonelsonpadovani
NELSON PELLEGRINO,74571,nelsonpelegrino,,https://www.facebook.com/nelsonpelegrino
NERI GELLER,146307,NeriGeller,,https://www.facebook.com/neri.geller
NEWTON CARDOSO,74750,newtoncardoso_,,https://www.facebook.com/Newton-Cardoso-245606048835359
NEWTON CARDOSO JR,178896,newton1510,,https://www.facebook.com/NewtonCardosoJr
NEWTON LIMA,160657,profnewtonlima,,https://www.facebook.com/pg/redenewtonlima
NILDA GONDIM,160564,depnildagondim,,https://www.facebook.com/deputadanildagondim
NILSON LEITÃO,166401,Nilson_Leitao,,https://www.facebook.com/nilsonleitao
NILSON PINTO,74352,,,https://www.facebook.com/Nilson-Pinto-354764524584734
NILTO TATTO,178986,NiltoTatto,,https://www.facebook.com/niltotattosp
NILTON CAPIXABA,74359,,,https://www.facebook.com/deputadoniltoncapixaba
NIVALDO ALBUQUERQUE,194260,NivaldoAlbuque,,https://www.facebook.com/deputadonivaldoalbuquerque
NORMA AYUB,66179,,,https://www.facebook.com/DeputadaNormaAyubAlves
ODORICO MONTEIRO,178868,odoricomonteiro,,https://www.facebook.com/odoricoamonteiro
ONOFRE SANTO AGOSTINI,160563,onofre_agostini ,,https://www.facebook.com/deputadoonofre
ONYX LORENZONI,74399,onyxlorenzoni,,https://www.facebook.com/onyx.lorenzoni
ORLANDO SILVA,178987,orlandosilva,,https://www.facebook.com/orlandosilvasp
OSMAR BERTOLDI,180545,bertoldi,,https://www.facebook.com/OsmarSBertoldi
OSMAR SERRAGLIO,73463,osmar_serraglio,,https://www.facebook.com/DeputadoOsmarSerraglio
OSMAR TERRA,73692,osmarterra ,,https://www.facebook.com/DeputadoOsmarTerra
OTAVIO LEITE,141515,otavioleite,,https://www.facebook.com/OtavioLeite
OZIEL OLIVEIRA,160650,deputadooziel ,,https://www.facebook.com/oziel.oliveira.718
PADRE JOÃO,160556,dep_padrejoao,,https://www.facebook.com/padrejoao
PADRE TON,160670,padreton,,https://www.facebook.com/padrton
PAES LANDIM,74319,,,https://www.facebook.com/paes.landim.56
PASTOR EURICO,160642,pastoreurico,,https://www.facebook.com/deputadopastoreurico
PASTOR LUCIANO BRAGA,193982,prlucianobraga,,https://www.facebook.com/deputadoprlucianobraga
PATRUS ANANIAS,74160,Patrus_Ananias,VotePatrus13‏‏,https://www.facebook.com/patrusananias13
PAUDERNEY AVELINO,74095,pauderney,,https://www.facebook.com/pauderneytomazavelino
PAULO ABI-ACKEL,141516,pauloabiackel,,https://www.facebook.com/abiackelpaulo
PAULO AZI,178860,pauloazi,,https://www.facebook.com/galera.2526
PAULO CESAR QUARTIERO,160668,pauloquartiero,,https://www.facebook.com/pages/Paulo-Quartiero/281327242020884
PAULO FEIJÓ,74017,paulofeijo2288,,https://www.facebook.com/deputadopaulofeijo
PAULO FOLETTO,160517,DeputadoFoletto,,https://www.facebook.com/PauloFoletto
PAULO FREIRE,160558,DF_PauloFreire,,https://www.facebook.com/dep.paulofreire
PAULO HENRIQUE LUSTOSA,141517,paulohelustosa,,https://www.facebook.com/deputadophlustosa
PAULO MAGALHÃES,74574,paulo_psd,,https://www.facebook.com/paulomagalhaesjr
PAULO MALUF,132056,paulosalimmaluf,,https://www.facebook.com/paulosmaluf
PAULO PEREIRA DA SILVA,141518,dep_paulinho,,https://www.facebook.com/paulinho.face
PAULO PIAU,141519,dep_paulopiau,,https://www.facebook.com/prefeitopaulopiau15
PAULO PIMENTA,74400,deputadofederal,,https://www.facebook.com/perfil.pimenta
PAULO RUBEM SANTIAGO,74047,paulorubem,,https://www.facebook.com/paulorubemsantiago
PAULO TEIXEIRA,141488,pauloteixeira13,,https://www.facebook.com/DeputadoPauloTeixeira
PAULO WAGNER,160593,deppaulowagner,,https://www.facebook.com/paulo.wagner.90226
PAULÃO,171617,paulaodopt,,https://www.facebook.com/paulaodopt
PEDRO CHAVES,74812,,,https://www.facebook.com/pedrochaves15
PEDRO CUNHA LIMA,178912,pedroocl,,https://www.facebook.com/pedrocloficial
PEDRO EUGÊNIO,74556,pedroEugeniopt,,
PEDRO FERNANDES,74449,,,https://www.facebook.com/DeputadoFederalPedroFernandes
PEDRO PAULO,122158,pedropaulo,,https://www.facebook.com/rio.pedropaulo
PEDRO UCZAI,160604,uczai,,https://www.facebook.com/PedroUczai
PEDRO VILELA,178844,vilelapedro,,https://www.facebook.com/pedrovilela.al
PENNA,80920,deputado_penna,,https://www.facebook.com/pennapv
PEPE VARGAS,141445,SigaPepeVargas,,https://www.facebook.com/sigapepevargas
PINTO ITAMARATY,141465,pintoitamaraty,,https://www.facebook.com/PintoItamaraty
POLICARPO,162174,policarpo_ptdf,,https://www.facebook.com/policarpo.pt
POLLYANA GAMA,195997,_pollyanagama,,https://www.facebook.com/professorapollyanagama
POMPEO DE MATTOS,73486,PompeodeMattos,,https://www.facebook.com/pompeodemattosPDT
PR. MARCO FELICIANO,160601,marcofeliciano,,https://www.facebook.com/PastorMarcoFeliciano
PROFESSOR SETIMO,141543,profsetimo,,https://www.facebook.com/professorsetimowaquim
PROFESSOR VICTÓRIO GALLI,148134,,,https://www.facebook.com/VictorioGalliOficial
PROFESSORA DORINHA SEABRA REZENDE,160639,profdorinha,,https://www.facebook.com/profile.php?id=100002237710131
PROFESSORA MARCIVANIA,160641,marcivania65,,https://www.facebook.com/professoramarcivania65
RAFAEL MOTTA,178951,rafaelmottarn,,https://www.facebook.com/rafaelmottarn
RAIMUNDO GOMES DE MATOS,74216,raimundo_matos,,https://www.facebook.com/dr.raimundomatos
RAIMUNDÃO,160516,raimundomacedo,raimundo_macedo,https://www.facebook.com/Raimundao
RAQUEL MUNIZ,178998,raquel_muniz,,https://www.facebook.com/raquelmuniz
RATINHO JUNIOR,141403,ratinho_jr,,https://www.facebook.com/ratinhojunior
RAUL HENRY,141523,RaulHenry,,https://www.facebook.com/RaulHenryPE
RAUL LIMA,160656,raullimarr,,https://www.facebook.com/DepRaulLima
REGINALDO LOPES,74161,Reginaldolopes,,https://www.facebook.com/ReginaldoLopesOficial
REINHOLD STEPHANES,73786,R_Stephanes,,https://www.facebook.com/reinhold.stephanes
REMÍDIO MONAI,178960,remidiomonai,,https://www.facebook.com/RemidioMonaiRR
RENAN FILHO,160623,RenanFilho_,,https://www.facebook.com/RenanFilhoAL
RENATA ABREU,178989,RenataAbreuDep,,https://www.facebook.com/renataabreu19
RENATO ANDRADE,171620,renatoandrademg,,https://www.facebook.com/renatoandrademg
RENATO MOLLING,141527,renatomolling,,https://www.facebook.com/deputadorenatomolling
RENZO BRAZ,160654,deputadorenzo,,https://www.facebook.com/deputadorenzobraz
RIBAMAR ALVES,74027,RibamarAlvesPSB,,https://www.facebook.com/people/Ribamar-Alves/1750119485
RICARDO BERZOINI,74793,ricardoberzoini,,https://www.facebook.com/ricardo.berzoini
RICARDO IZAR,160655,RicardoIzar,,https://www.facebook.com/ricardoizaroficial
RICARDO QUIRINO,150634,depquirino,,https://www.facebook.com/RicardoQuirinoOficial
RICARDO TEOBALDO,178920,psdbricardo45,,http://www.facebook.com/ricardoteobaldooficial
RICARDO TRIPOLI,141472,ricardotripoli,,https://www.facebook.com/ricardotripoli
ROBERTO ALVES,152610,robertoalvesprb,,https://www.facebook.com/RobertoAlvesPRB
ROBERTO BALESTRA,73674,robertobalestra,,https://www.facebook.com/robertobalestraequipe
ROBERTO BRITTO,141529,robertobritto11,,https://www.facebook.com/robertopereirabritto
ROBERTO DE LUCENA,160653,robertodelucena,,https://www.facebook.com/dep.lucena
ROBERTO DORNER,161903,DeputadoRDorner,,https://www.facebook.com/robertodornersinop
ROBERTO FREIRE,73805,freire_roberto,,https://www.facebook.com/DepRobertoFreire
ROBERTO GÓES,178995,dep_RobertoGoes‏,,https://www.facebook.com/RobertoGoesAmapa
ROBERTO SALES,178944,,,https://www.facebook.com/robertosalesoficial
ROBERTO TEIXEIRA,160652,dep_roberto1122,,https://www.facebook.com/robertoteixeirape
ROBINSON ALMEIDA,91208,robinson1350,,https://www.facebook.com/robinsonalmeida1350
ROCHA,178840,MajorRocha45,,https://www.facebook.com/MajorRocha45
ROCHA LOURES,141532,rodrochaloures,,
RODRIGO DE CASTRO,141531,RodrigoCastro45,,https://www.facebook.com/rodrigodecastro45
RODRIGO MAIA,74693,DepRodrigomaia,,https://www.facebook.com/RodrigoMaiaRJ
RODRIGO MARTINS,178926,,,https://www.facebook.com/rodrigomartinspi
RODRIGO PACHECO,178897,rodrigo15bh,,https://www.facebook.com/rodrigo.pacheco.5264
ROGÉRIO MARINHO,141535,rogeriosmarinho,,https://www.facebook.com/rogeriosmarinho
ROGÉRIO PENINHA MENDONÇA,160651,deputadopeninha,,https://www.facebook.com/deputadopeninha
ROGÉRIO ROSSO,160426,,,https://www.facebook.com/RogerioRossoOficial
ROMÁRIO,160597,RomarioOnze,,https://www.facebook.com/romariodesouzafaria
RONALDO BENEDET,160515,ronaldo_benedet,,https://www.facebook.com/RonaldoBenedet
RONALDO CAIADO,74813,deputadocaiado,,https://www.facebook.com/ronaldocaiado25
RONALDO CARLETTO,178861,ronaldocarletto,,https://www.facebook.com/RonaldoCarlettoOficial
RONALDO FONSECA,160637,DepRonaldo,,https://www.facebook.com/ronaldofonsecaoficial
RONALDO LESSA,178845,RonaldoLessaPDT,,https://www.facebook.com/Ronaldo-Lessa-139755579370881
RONALDO MARTINS,122466,ronaldoprb10,,https://www.facebook.com/ronaldo10oficial
RONALDO ZULKE,160594,ronaldozulke,,https://www.facebook.com/ronaldozulke
ROSANE FERREIRA,160614,rosanedopv,,https://www.facebook.com/Rosaneprefeita
ROSANGELA GOMES,178945,rosangelasgomes,,https://www.facebook.com/deputadarosangelagomes
ROSE DE FREITAS,73507,DepRosedFreitas,,https://www.facebook.com/senadorarosedefreitas
ROSINHA DA ADEFAL,146949,rosinhadaadefal,,https://www.facebook.com/rosinhadaadefal2
RUBENS BUENO,73466,rubensbuenopps,,https://www.facebook.com/rubensbuenopps
RUBENS OTONI,74371,,,https://www.facebook.com/rubensotoni
RUBENS PEREIRA JÚNIOR,178887,rubenspereirajr,,https://www.facebook.com/Deprubenspereirajr
RUI COSTA,104254,costa_rui,,https://www.facebook.com/ruicostaoficial
RUI PALMEIRA,76420,ruipalmeira,,https://www.facebook.com/RuiSoaresPalmeira
RUY CARNEIRO,160635,depruycarneiro,,https://www.facebook.com/depruycarneiro
RÔMULO GOUVEIA,141536,romulogouveia,,https://www.facebook.com/RomuloGouveiaPB
RÔNEY NEMER,178870,roneynemer,,https://www.facebook.com/roneynemerdf
SABINO CASTELO BRANCO,141522,depsabinocb,,https://www.facebook.com/dep.sabino2
SANDES JÚNIOR,74372,sandes_junior,,https://www.facebook.com/sandesjunior
SANDRO ALEX,160621,SandroAlex2323,,https://www.facebook.com/sandro.alex.5492
SANDRO MABEL,73676,sandromabel,,https://www.facebook.com/sandromabel15
SARAIVA FELIPE,74762,JSaraivaFelipe,,https://www.facebook.com/saraivafelipe
SARNEY FILHO,74210,sarneyfilho,,https://www.facebook.com/sarneyfilho
SEBASTIÃO BALA ROCHA,141539,balarocha,,https://www.facebook.com/deputadobalarocha
SERGIO GUERRA,74435,Sergio_Guerra,,
SERGIO SOUZA,178933,_sergiosouza,,https://www.facebook.com/sergiosouzaPR
SERGIO VIDIGAL,178874,,,https://www.facebook.com/vidigalsergio
SERGIO ZVEITER,160612,zveitersergio,,https://www.facebook.com/sergio.zveiter
SEVERINO NINHO,167614,,,https://www.facebook.com/DeputadoNinho4080
SHERIDÁ OLIVEIRA,178961,depsheridan,,https://www.facebook.com/deputadasheridan
SHÉRIDAN,178961,depsheridan,,https://www.facebook.com/deputadasheridan
SIBÁ MACHADO,160613,sibamachado13,,https://www.facebook.com/sibamachado1313
SILAS CÂMARA,74356,SilasCamaraAM‏,,https://www.facebook.com/DepSilas
SILAS FREIRE,187008,,,https://www.facebook.com/silasfreirepi
SILVIO COSTA,4930,silviocosta1410,,https://www.facebook.com/SilvioCosta.PE
SILVIO TORRES,73560,silviotorres,,https://www.facebook.com/SilvioTorresPSDB
SIMONE MORGADO,178911,,,https://www.facebook.com/simonemorgado15
SIMÃO SESSIM,73424,simao_sessim,,https://www.facebook.com/profile.php?id=100017054522388
SOLANGE ALMEIDA,141547,solangealmeida_,,
SORAYA SANTOS,178946,,,https://www.facebook.com/deputadocarlosandrade
STEFANO AGUIAR,92776,depstefano,,https://www.facebook.com/PastorStefanoAguiar
STEPAN NERCESSIAN,160627,stepanrio,,https://www.facebook.com/stepan.nercessian
SUBTENENTE GONZAGA,177282,SubGonzagaMG,,https://www.facebook.com/Deputado-Subtenente-Gonzaga-446410602056683
SUELI VIDIGAL,141548,suelividigal_es,,https://www.facebook.com/suelividigalII
SÁGUAS MORAES,160630,,,https://www.facebook.com/saguasfederal
SÉRGIO BRITO,73808,,,https://www.facebook.com/depfederalsergiobrito
SÉRGIO MORAES,141542,DEPSERGIOMORAES,,https://www.facebook.com/profile.php?id=100004537152939
SÉRGIO REIS,178991,sergioreis,sergiobreis,https://www.facebook.com/deputadosergioreis
SÓSTENES CAVALCANTE,178947,DepSostenes,,https://www.facebook.com/sostenescavalcante
TADEU ALENCAR,178922,,,https://www.facebook.com/TadeuAlencar4020
TAKAYAMA,74385,pastortakayama,,https://www.facebook.com/Pastortakayama
TAUMATURGO LIMA,160679,Taumaturgo_Lima,,https://www.facebook.com/taumaturgolima
TENENTE LÚCIO,178898,deptenentelucio,,https://www.facebook.com/tenentelucio
TERESA SURITA,160608,teresasurita ,,https://www.facebook.com/teresasurita
TEREZA CRISTINA,178901,terezacrisms,,https://www.facebook.com/terezacristinams
THIAGO PEIXOTO,160617,thiagopeixoto,,https://www.facebook.com/ThiagoPeixotoGo
TIA ERON,178862,TiaEron,,https://www.facebook.com/TiaEron
TIRIRICA,160976,tiriricanaweb,,https://www.facebook.com/tiriricanaweb
TONINHO PINHEIRO,160611,pinheirotoninho,,https://www.facebook.com/ToninhoPinheiroOficial
TONINHO WANDSCHEER,178934,deputadotoninho,,https://www.facebook.com/DeputadoToninhoWandscheer
ULDURICO JUNIOR,178863,ulduricopinto,,https://www.facebook.com/ulduricojunior
VAIDON OLIVEIRA,195866,,,https://www.facebook.com/deputadofederalvaidon.oliveira
VALADARES FILHO,141384,valadares_filho,,https://www.facebook.com/ValadaresFilho
VALDIR COLATTO,74010,colattodeputado,,https://www.facebook.com/deputadoValdirColatto
VALDIVINO DE OLIVEIRA,162490,valdivino_de_o,,https://www.facebook.com/valdivinodeoliveira
VALMIR ASSUNÇÃO,160610,falavalmir,,https://www.facebook.com/falavalmir
VALMIR PRASCIDELLI,113247,Prascidelli,,https://www.facebook.com/valmir.prascidelli
VALTENIR PEREIRA,141552,DepValtenir,,https://www.facebook.com/valtenirpereiraoficial
VANDER LOUBET,74376,vanderloubet,,https://www.facebook.com/vanderfazmais
VANDERLEI MACRIS,141553,vanderleimacris,,https://www.facebook.com/deputadovanderleimacris
VAZ DE LIMA,160595,depvazdelima,,https://www.facebook.com/depvazdelima
VENEZIANO VITAL DO RÊGO,178913,venezianovital,,https://www.facebook.com/DepVenezianoVital
VICENTE CANDIDO,160622,vicente_candido,,https://www.facebook.com/deputadovicentecandido
VICENTINHO,74283,VICENTINHOPT,,https://www.facebook.com/DeputadoFederalVicentinho
VICENTINHO JÚNIOR,137070,vicentinhojr,,https://www.facebook.com/VicentinhoJr
VICTOR MENDES,178888,,,https://www.facebook.com/victormendesma
VILMAR ROCHA,73677,vilmar_rocha,,https://www.facebook.com/vilmarrocha55
VILSON COVATTI,141870,VilsonCovatti,,https://www.facebook.com/DeputadoCovatti
VINICIUS CARVALHO,141555,falecomvinicius,,https://www.facebook.com/viniciuscarvalhooficial
VINICIUS GURGEL,160591,vinicius2828,,https://www.facebook.com/deputadoviniciusgurgel
VITOR LIPPI,178992,DepVitorLippi,vitorlippi4510,https://www.facebook.com/vitorlippi
VITOR PAULO,92355,vitorpaulo10,,https://www.facebook.com/bispovitorpaulo
VITOR PENIDO,141557,vitorpenidomg,,https://www.facebook.com/VitorpenidoNL
VITOR VALIM,178869,vitorvalim,,https://www.facebook.com/vitorvalimfanpage
WADIH DAMOUS,189593,wadih_damous,,https://www.facebook.com/wadihdamous
WALDENOR PEREIRA,160569,waldenorpereira,,https://www.facebook.com/deputadowaldenorpereira
WALDIR MARANHÃO,141558,WaldirMaranhao,,https://www.facebook.com/fapagewaldirmaranhao
WALNEY ROCHA,160631,walneyrocha,,https://www.facebook.com/oficialwalneyrocha
WALTER ALVES,178952,WalterAlvesRN,,https://www.facebook.com/WalterAlvesRN1
WALTER IHOSHI,141560,walterihoshi,,https://www.facebook.com/walterihoshi
WALTER TOSTA,160609,waltertostamg,,https://www.facebook.com/waltertosta
WANDENKOLK GONÇALVES,141561,wandenkolk4545,,https://www.facebook.com/depwandenkolk
WELITON PRADO,160518,pradoweliton,,https://www.facebook.com/WelitonPrado
WELLINGTON ROBERTO,74043,wr22,,https://www.facebook.com/depwellingtonroberto
WEVERTON ROCHA,167493,wevertonrocha,,https://www.facebook.com/wevertonrocha12
WILLIAM DIB,160586,drdib,,https://www.facebook.com/dib.deputado
WILSON BESERRA,193066,wilsonbeserra,,https://www.facebook.com/deputadowilsonbeserra
WILSON FILHO,160636,wilsonfilho_,,https://www.facebook.com/wilsonfilhodep
WLADIMIR COSTA,73930,deputadowlad,,https://www.facebook.com/deputadofederalwlad
WOLNEY QUEIROZ,74439,WolneyQueirozM,,https://www.facebook.com/wolneyqueirozpe
YEDA CRUSIUS,73992,Yeda_Crusius45,,https://www.facebook.com/YedaCrusiusOficial
ZECA CAVALCANTI,178923,,,https://www.facebook.com/zecacavalcantiPTB
ZECA DIRCEU,160592,zeca_dirceu,,https://www.facebook.com/deputadofederalzecadirceu
ZECA DO PT,178902,zecadopt,,https://www.facebook.com/zecadopt13
ZENAIDE MAIA,178949,,,https://www.facebook.com/depzenaidemaia
ZENALDO COUTINHO,74354,zenaldocoutinho,,https://www.facebook.com/zenaldo.coutinho
ZEQUINHA MARINHO,73933,zequinhamarinho,,https://www.facebook.com/zequinhamarinhoo
ZÉ AUGUSTO NALIN,191945,zeaugustonalin,,https://www.facebook.com/joseaugustonalin
ZÉ CARLOS,178889,Dep_ZeCarlosPT,,https://www.facebook.com/DepZeCarlosPT
ZÉ GERALDO,73931,zegeraldopt,,https://www.facebook.com/zegeraldopt
ZÉ SILVA,160632,ZeSilva_,DEPZESILVA,https://www.facebook.com/deputadofederalzesilva
ÁTILA LINS,74090,,,https://www.facebook.com/Deputado-%C3%81tila-Lins-329607960409077
ÁTILA LIRA,74459,,,https://www.facebook.com/atilafreitaslira
ÍRIS DE ARAÚJO,141453,gab_donairis,,https://www.facebook.com/DepIrisAraujo